,Chemical1,Chemical2,Chemical3,Chemical4,Chemical5,Chemical6,Chemical7,Chemical8,Chemical9,Chemical10,Chemical11,Chemical12,Chemical13,Chemical14,Chemical15,Chemical16
3,1436.6197183098589,1436.6197183098589,1436.6197183098589,1436.6197183098589,0.0,1436.6197183098589,1436.6197183098589,0.0,253.52112676056336,0.0,1436.6197183098589,1436.6197183098589,0.0,0.0,0.0,0.0
4,0.0,1645.161290322581,0.0,1645.161290322581,0.0,1709.6774193548383,1709.6774193548383,1645.161290322581,1645.161290322581,0.0,0.0,1645.161290322581,0.0,0.0,0.0,0.0
5,1453.4874054368609,1445.5066921606117,1451.4922271177986,1445.5066921606117,0.0,906.8085460138002,1445.5066921606117,1445.5066921606117,978.6349655000415,0.0,0.0,1427.5500872890511,0.0,0.0,0.0,0.0
7,2170.2127659574467,127.65957446808517,2170.2127659574467,382.9787234042554,127.65957446808517,382.9787234042554,1914.8936170212764,1914.8936170212764,382.9787234042554,127.65957446808517,1914.8936170212764,382.9787234042554,0.0,0.0,0.0,0.0
8,1993.9604755169905,1993.9604755169905,0.0,0.0,0.0,2005.8866251290085,2005.8866251290085,1993.9604755169905,0.0,0.0,0.0,1969.1907801689536,0.0,0.0,0.0,0.0
9,1954.9180327868849,1979.5081967213114,0.0,1954.9180327868849,0.0,0.0,1979.5081967213114,1979.5081967213114,0.0,0.0,1094.2622950819673,1020.4918032786886,0.0,0.0,0.0,0.0
12,145.16129032258073,2467.741935483871,2467.741935483871,145.16129032258073,0.0,145.16129032258073,2564.5161290322585,2564.5161290322585,1016.1290322580649,145.16129032258073,145.16129032258073,145.16129032258073,0.0,0.0,0.0,0.0
16,1912.5,0.0,1912.5,1912.5,0.0,0.0,0.0,1987.5,1912.5,0.0,1912.5,0.0,0.0,0.0,0.0,0.0
